{
    "accuracy": 0.6741071428571429,
    "loss": 0.821964681148529
}