{
    "accuracy": 0.3482142857142857,
    "loss": 3.2246909141540527
}