{
    "accuracy": 0.8854166666666667,
    "loss": 0.8920854330062866
}