{
    "accuracy": 0.8764880952380952,
    "loss": 0.8706595301628113
}