{
    "accuracy": 0.8660714285714286,
    "loss": 0.5007379651069641
}