{
    "accuracy": 0.90625,
    "loss": 0.3402470648288727
}